,Id,City,Country,Latitude,Longitude,Temprature(F),Humidity(%),Cloudiness(%),Wind_Speed(mph)
0,6050066,La Ronge,CA,55.1,-105.3,48.2,93,90,12.75
1,1273574,Vaini,IN,15.34,74.49,68.61,99,92,5.73
2,4030556,Rikitea,PF,-23.12,-134.97,74.1,99,80,11.21
3,2094342,Kavieng,PG,-2.57,150.8,83.1,100,64,7.07
4,3833367,Ushuaia,AR,-54.81,-68.31,44.76,70,75,14.99
5,5906757,Bow Island,CA,49.87,-111.38,48.2,93,90,21.92
6,2084442,Vanimo,PG,-2.67,141.3,76.89,100,76,7.4
7,2175403,Bluff,AU,-23.58,149.07,50.34,84,0,6.96
8,2185329,Waipawa,NZ,-39.94,176.59,29.1,77,0,2.93
9,1014034,Carnarvon,ZA,-30.97,22.13,39.0,61,0,9.42
10,2122389,Ossora,RU,59.24,163.07,42.06,100,0,8.3
11,4011743,Constitucion,MX,23.99,-104.67,77.0,44,75,4.7
12,352733,Marsa Matruh,EG,31.35,27.25,82.4,69,20,13.87
13,6185377,Yellowknife,CA,62.45,-114.38,55.4,71,75,13.87
14,5742974,North Bend,US,43.41,-124.22,64.08,82,75,9.17
15,503977,Marfino,RU,56.07,37.56,65.41,46,0,2.24
16,2090021,Namatanai,PG,-3.66,152.44,79.05,100,48,8.97
17,1253628,Lata,IN,30.78,78.62,58.8,100,68,1.7
18,3418910,Upernavik,GL,72.79,-56.15,37.2,100,88,2.15
19,3874787,Punta Arenas,CL,-53.16,-70.91,46.4,65,75,20.8
20,780687,Berlevag,NO,70.86,29.09,48.54,87,75,4.7
21,5990737,Kemptville,CA,45.02,-75.64,76.17,73,1,3.36
22,5962442,Goderich,CA,43.74,-81.71,78.42,89,36,14.79
23,3576994,Cockburn Town,TC,21.46,-71.14,84.0,95,88,19.04
24,1082243,Ambilobe,MG,-13.19,49.05,72.39,60,0,14.12
25,2488835,Medea,DZ,36.27,2.77,78.8,69,0,11.41
26,3372760,Praia da Vitoria,PT,38.73,-27.07,75.2,83,75,8.86
27,2035836,Manzhouli,CN,49.6,117.43,57.54,96,68,6.29
28,2022572,Khatanga,RU,71.98,102.47,51.42,78,0,9.42
29,2208248,Kaitangata,NZ,-46.28,169.85,43.14,96,92,13.0
30,787487,Poum,MK,41.28,20.71,64.4,63,40,4.7
31,6201424,Mataura,NZ,-46.19,168.86,42.69,98,92,11.21
32,988698,Knysna,ZA,-34.04,23.05,53.6,62,0,8.05
33,2163355,Hobart,AU,-42.88,147.33,39.2,86,75,9.17
34,2075265,Busselton,AU,-33.64,115.35,56.64,100,92,20.15
35,1865309,Katsuura,JP,33.93,134.5,76.89,88,8,3.27
36,3366880,Hermanus,ZA,-34.42,19.24,50.16,98,88,7.29
37,4018700,Altar,MX,30.72,-111.84,95.43,31,0,5.73
38,964432,Port Alfred,ZA,-33.59,26.89,63.3,69,32,20.83
39,1810846,Fuyang,CN,30.05,119.96,80.6,88,0,4.47
40,2119964,Vakhrushev,RU,48.99,142.86,50.88,100,80,3.04
41,556268,Ostrovnoy,RU,68.05,39.51,51.96,91,8,18.14
42,5106834,Albany,US,42.65,-73.75,82.35,68,75,5.82
43,2399001,Mayumba,GA,-3.44,10.65,75.45,92,0,4.94
44,6170031,Tuktoyaktuk,CA,69.44,-133.03,41.0,86,90,9.17
45,3835994,Santa Rosa,AR,-36.62,-64.29,79.05,22,12,12.33
46,3832376,Santa Flavia,CL,-51.55,-72.35,41.0,86,90,17.22
47,2277197,Ganta,LR,7.31,-8.54,77.16,89,88,4.05
48,3381428,Iracoubo,GF,5.48,-53.21,85.62,70,32,3.94
49,1015776,Bredasdorp,ZA,-34.53,20.04,53.6,87,92,11.41
50,1282256,Hithadhoo,MV,-0.6,73.08,82.38,100,44,2.37
51,3423146,Ilulissat,GL,69.22,-51.1,37.4,64,75,4.7
52,2335713,Matagami,NG,9.67,8.4,71.67,94,88,2.15
53,2194098,Ahipara,NZ,-35.17,173.16,50.25,100,32,10.42
54,905789,Mpongwe,ZM,-13.51,28.16,70.59,27,0,9.42
55,3355672,Luderitz,NA,-26.65,15.16,60.69,55,0,25.41
56,5880568,Bethel,US,60.79,-161.76,51.08,89,90,14.99
57,5386035,Rancho Palos Verdes,US,33.75,-118.37,75.25,64,40,10.29
58,4035715,Avarua,CK,-21.21,-159.78,71.6,78,40,8.05
59,2126199,Cherskiy,RU,68.75,161.3,29.73,100,80,3.49
60,607610,Zhanaozen,KZ,43.35,52.85,71.67,23,12,9.31
61,220448,Aketi,CD,2.74,23.78,71.85,97,76,3.71
62,7647007,San Carlos de Bariloche,AR,-41.13,-71.31,53.6,62,75,23.04
63,5983720,Iqaluit,CA,63.75,-68.52,50.0,57,75,5.82
64,4034551,Faanui,PF,-16.48,-151.75,76.17,100,92,11.43
65,3453439,Ponta do Sol,BR,-20.63,-46.0,74.82,69,0,8.97
66,3369157,Cape Town,ZA,-33.93,18.42,53.6,93,75,8.05
67,5554072,Juneau,US,58.3,-134.42,58.24,100,90,11.41
68,2126785,Belaya Gora,RU,68.54,146.19,39.45,80,8,3.38
69,1856392,Muroto,JP,33.37,134.14,76.62,100,36,5.73
70,1729469,Baculin,PH,7.45,126.58,78.87,95,48,4.61
71,3932145,Pisco,PE,-13.71,-76.2,71.6,30,75,9.17
72,2068110,Kununurra,AU,-15.77,128.74,68.0,72,75,3.36
73,3424607,Tasiilaq,GL,65.61,-37.64,44.6,65,40,8.05
74,3522164,Palenque,MX,17.51,-91.98,83.64,77,12,7.07
75,3863379,Mar del Plata,AR,-46.43,-67.52,57.99,43,0,20.27
76,3573739,Esperance,TT,10.24,-61.45,89.6,59,20,12.75
77,4407665,Kodiak,US,39.95,-94.76,91.94,54,1,21.92
78,5960603,Geraldton,CA,49.72,-86.95,69.8,83,75,14.99
79,1106677,Bambous Virieux,MU,-20.34,57.76,71.6,68,40,12.75
80,2158767,Mareeba,AU,-16.99,145.42,62.6,77,20,11.41
81,3652764,Puerto Ayora,EC,-0.74,-90.35,80.6,57,20,11.41
82,3441894,Maldonado,UY,-34.91,-54.96,69.8,37,0,10.29
83,2122090,Pevek,RU,69.7,170.27,34.77,100,80,5.39
84,1006984,East London,ZA,-33.02,27.91,48.2,57,0,4.7
85,3546791,Moa,CU,20.66,-74.95,83.19,66,92,5.84
86,4231997,Avera,US,33.19,-82.53,92.7,41,40,4.7
87,2069194,Jamestown,AU,-33.21,138.6,40.8,92,36,6.62
88,1641899,Labuhan,ID,-2.54,115.51,71.04,96,12,2.04
89,344979,Lebu,ET,8.96,38.73,56.19,92,88,2.71
90,473263,Vizinga,RU,61.08,50.08,61.95,76,0,5.73
91,525426,Sobolevo,RU,54.43,31.9,64.29,93,92,4.94
92,4031574,Provideniya,RU,64.42,-173.23,46.92,99,0,7.18
93,2017215,Sangar,RU,63.92,127.47,48.54,89,8,1.92
94,2180815,Tuatapere,NZ,-46.13,167.69,43.32,100,92,10.76
95,2108502,Honiara,SB,-9.43,159.96,75.2,100,40,3.36
96,2015306,Tiksi,RU,71.64,128.87,39.09,90,0,2.71
97,3697838,Contamana,PE,-7.35,-75.01,80.85,56,44,3.94
98,2965139,Mahon,IE,51.89,-8.4,60.8,72,20,5.82
99,5660340,Kalispell,US,48.2,-114.32,57.02,57,90,5.82
100,1280957,Jiuquan,CN,39.73,98.49,55.83,77,88,3.6
101,3658195,Feijo,EC,-3.63,-79.92,89.6,33,90,8.05
102,546105,Nikolskoye,RU,59.7,30.79,57.2,82,20,2.24
103,5871146,Palmer,US,61.6,-149.11,58.1,80,90,5.82
104,262462,Saint George,GR,39.45,22.34,69.8,88,75,6.93
105,6113406,Prince Rupert,CA,54.32,-130.32,57.2,93,90,4.7
106,2638419,Scarborough,GB,54.28,-0.41,60.8,77,92,8.05
107,1637001,Biak,ID,-0.91,122.88,74.19,100,20,4.27
108,2303611,Axim,GH,4.87,-2.24,77.07,96,0,8.08
109,4020109,Atuona,PF,-9.8,-139.03,79.5,100,36,20.38
110,3012655,Issoudun,FR,46.95,1.99,69.15,73,20,4.7
111,1852357,Shimoda,JP,34.7,138.93,75.9,100,76,9.98
112,3896218,Castro,CL,-42.48,-73.76,51.15,85,80,6.85
113,3869716,Tocopilla,CL,-22.09,-70.2,61.59,100,20,3.49
114,2757220,Westerland,NL,52.89,4.93,62.96,77,90,11.41
115,5526337,Midland,US,32.0,-102.08,96.28,32,1,12.75
116,3372783,Ponta Delgada,PT,37.73,-25.67,73.4,78,75,3.36
117,6165406,Thompson,CA,55.74,-97.86,51.8,57,75,12.75
118,2017155,Saskylakh,RU,71.97,114.09,47.1,88,0,7.18
119,2063042,Port Hedland,AU,-20.31,118.58,55.4,58,0,2.82
120,2310533,Acurenam,GA,1.03,10.67,71.76,95,64,2.26
121,2121385,Severo-Kurilsk,RU,50.68,156.12,50.7,98,0,11.99
122,2088122,Port Moresby,PG,-9.47,147.16,75.09,100,92,3.15
123,3146487,Raudeberg,NO,61.99,5.14,52.39,87,75,8.05
124,2012956,Yerbogachen,RU,61.28,108.01,54.93,88,0,4.83
125,915471,Kalabo,ZM,-15.0,22.67,79.95,17,0,13.78
126,286621,Salalah,OM,17.01,54.1,75.2,100,90,1.12
127,6138908,Saint-Philippe,CA,45.36,-73.48,77.63,62,1,3.36
128,2155415,New Norfolk,AU,-42.78,147.06,39.2,86,75,9.17
129,542184,Krasnovishersk,RU,60.4,57.08,49.17,88,0,4.38
130,895061,Bindura,ZW,-17.3,31.33,66.09,16,0,7.74
131,510347,Pestravka,RU,52.4,49.95,64.02,57,0,7.52
132,5563397,Eureka,US,40.8,-124.16,59.5,83,20,8.05
133,525719,Mokrous,RU,51.24,47.51,66.9,51,0,9.19
134,2014624,Udachnyy,RU,66.42,112.4,51.06,87,64,2.15
135,3421765,Nanortalik,GL,60.14,-45.24,43.5,99,20,8.41
136,1485724,Talaya,RU,55.79,84.89,54.3,96,8,9.42
137,2079582,Alyangula,AU,-13.85,136.42,71.22,100,0,7.4
138,200308,Bomet,KE,-0.78,35.34,56.37,100,92,3.94
139,3831208,Qaanaaq,GL,77.48,-69.36,32.79,100,88,2.37
140,1630639,Pringsewu,ID,-5.36,104.98,73.92,90,44,2.26
141,1151464,Phangnga,TH,8.45,98.53,75.97,88,40,4.72
142,6167817,Torbay,CA,47.66,-52.73,73.4,56,75,8.05
143,934322,Mahebourg,MU,-20.41,57.7,71.6,68,40,12.75
144,292672,Sharjah,AE,25.36,55.39,96.73,29,0,4.7
145,2127060,Arman,RU,59.7,150.17,33.8,86,0,2.37
146,2179670,Wanganui,NZ,-39.93,175.05,46.2,100,0,9.75
147,5848280,Kapaa,US,22.08,-159.32,77.07,100,90,14.99
148,244878,Biltine,TD,14.53,20.93,82.2,64,12,1.36
149,2037252,Genhe,CN,50.78,121.52,53.85,92,24,2.71
150,1218612,Murgab,TM,37.5,61.97,71.6,43,0,4.7
151,541446,Krasnyy Profintern,RU,57.74,40.44,64.74,68,0,3.27
152,3471451,Arraial do Cabo,BR,-22.97,-42.02,66.2,88,90,3.36
153,4021858,Guerrero Negro,MX,27.97,-114.04,78.15,69,0,7.96
154,5905393,Bonavista,CA,48.65,-53.11,68.79,74,44,9.98
155,3389822,Salinopolis,BR,-0.61,-47.36,84.36,86,0,16.24
156,3386213,Touros,BR,-5.2,-35.46,82.92,67,20,19.26
157,652977,Keuruu,FI,62.26,24.71,50.88,81,0,3.36
158,5984000,Iroquois Falls,CA,48.76,-80.69,75.2,78,90,8.05
159,1701394,Manuk Mangkaw,PH,4.8,119.85,84.45,98,44,4.61
160,1244926,Hambantota,LK,6.12,81.12,81.03,95,20,15.12
161,2094746,Kandrian,PG,-6.21,149.55,72.3,99,20,2.37
162,1648082,Boyolangu,ID,-8.09,111.9,68.97,91,68,5.17
163,2122605,Okhotsk,RU,59.36,143.24,52.05,100,0,3.15
164,643453,Sola,FI,62.78,29.36,55.4,82,75,2.24
165,3374083,Bathsheba,BB,13.22,-59.52,86.0,70,20,16.11
166,2214827,Mizdah,LY,31.45,12.98,86.52,21,0,3.38
167,3674161,Murindo,CO,6.98,-76.75,81.12,88,64,3.49
168,2092164,Lorengau,PG,-2.02,147.27,82.56,100,68,6.4
169,3348078,Kuito,AO,-12.38,16.94,68.52,28,0,6.06
170,2737599,Saldanha,PT,41.42,-6.55,85.44,26,92,6.51
171,2015913,Suntar,RU,62.16,117.65,53.94,89,44,2.37
172,2758462,Boxmeer,NL,51.65,5.95,62.87,72,90,6.93
173,2030065,Mandalgovi,MN,45.76,106.27,55.11,82,56,6.4
174,2656847,Atherton,GB,53.52,-2.49,60.48,77,90,10.29
175,6316343,Alta Floresta,BR,-9.87,-56.08,96.24,33,0,3.94
176,3985710,Cabo San Lucas,MX,22.89,-109.91,90.43,52,75,11.41
177,2176639,Batemans Bay,AU,-35.71,150.18,42.06,100,0,8.52
178,178202,Webuye,KE,0.62,34.77,57.2,93,75,6.93
179,3402429,Caucaia,BR,-3.73,-38.66,84.2,54,0,13.87
180,1262216,Nagaur,IN,27.2,73.74,84.9,61,48,4.61
181,3421982,Maniitsoq,GL,65.42,-52.9,44.22,91,0,4.38
182,3407407,Aquiraz,BR,-3.9,-38.39,84.2,54,0,13.87
183,2396853,Omboue,GA,-1.57,9.26,76.8,100,8,7.96
184,1337610,Thinadhoo,MV,0.53,72.93,84.45,100,100,8.19
185,2110227,Butaritari,KI,3.07,172.79,83.28,100,12,7.74
186,1859964,Kaseda,JP,31.42,130.32,81.75,98,8,7.4
187,1791464,Wenling,CN,28.38,121.38,80.04,100,92,19.48
188,3901903,Uyuni,BO,-20.46,-66.82,56.19,15,0,10.42
189,3355624,Maltahohe,NA,-24.83,16.98,50.07,31,0,9.98
190,3899695,Ancud,CL,-41.87,-73.83,52.95,84,80,7.29
191,5969025,Haines Junction,CA,60.75,-137.51,48.9,68,8,2.71
192,1629380,Ruteng,ID,-8.61,120.46,67.98,100,0,3.15
193,1733782,Victoria,BN,5.28,115.24,79.59,94,75,3.94
194,2160063,Codrington,AU,-28.95,153.24,47.55,94,20,2.93
195,3378644,Georgetown,GY,6.8,-58.16,89.6,62,40,13.87
196,1276867,Barpeta,IN,26.33,91.01,80.6,100,90,6.73
197,4156404,Gainesville,US,29.65,-82.33,91.78,47,1,5.82
198,1619650,Ban Dung,TH,17.7,103.25,73.29,96,80,2.15
199,2255285,Sibiti,CG,-3.69,13.35,77.07,83,0,3.49
200,3181569,Serta,IT,46.01,10.15,65.98,62,75,6.93
201,5820705,Casper,US,42.87,-106.31,71.06,27,40,24.16
202,3220813,Wanning,AT,48.64,13.53,68.0,52,75,3.36
203,3833859,Barrow,AR,-38.31,-60.23,75.27,30,12,15.23
204,1849876,Yamada,JP,36.58,137.08,77.0,83,75,5.82
205,1690438,San Andres,PH,13.32,122.68,82.74,99,20,15.35
206,2067089,Maningrida,AU,-12.05,134.23,72.75,72,0,11.1
207,118704,Ravar,IR,31.27,56.81,64.47,25,0,1.92
208,5807239,Port Townsend,US,48.12,-122.76,65.53,60,20,9.17
209,2635199,Ullapool,GB,57.9,-5.16,55.02,100,56,4.72
210,2122493,Omsukchan,RU,62.53,155.8,22.62,73,0,2.93
211,5855927,Hilo,US,19.71,-155.08,75.83,79,75,5.82
212,1507390,Dikson,RU,73.51,80.55,50.97,89,92,16.24
213,3527545,Frontera,MX,18.53,-92.64,87.8,58,75,13.87
214,3347019,Namibe,AO,-15.19,12.15,66.81,95,76,7.74
215,3465512,Corinto,BR,-18.36,-44.46,81.84,49,8,12.21
216,1067565,Beloha,MG,-25.17,45.06,62.4,91,0,3.71
217,3404558,Cabedelo,BR,-6.97,-34.84,80.6,61,40,18.34
218,544084,Koslan,RU,63.46,48.9,65.91,60,56,6.62
219,2633808,Winslow,GB,51.94,-0.88,62.6,63,90,11.41
220,2112802,Hasaki,JP,35.73,140.83,73.31,88,75,8.05
221,103630,Najran,SA,17.54,44.22,93.2,23,40,11.41
222,2026861,Berdigestyakh,RU,62.1,126.7,49.98,95,0,2.48
223,3389860,Salgueiro,BR,-8.07,-39.12,89.67,25,0,12.55
224,1337605,Mahibadhoo,MV,3.78,72.97,84.99,94,76,11.88
225,2138285,Tadine,NC,-21.55,167.88,68.52,100,92,18.59
226,2015217,Tokur,RU,53.13,132.9,52.41,98,44,2.15
227,1005040,Eshowe,ZA,-28.89,31.46,52.59,57,0,3.94
228,3452483,Prado,BR,-17.34,-39.22,75.99,98,44,14.23
229,1490256,Talnakh,RU,69.49,88.39,48.99,80,0,3.27
230,292968,Abu Dhabi,AE,24.47,54.37,94.14,71,12,4.7
231,2729907,Longyearbyen,NO,78.22,15.63,39.2,95,75,3.36
232,3419842,Sisimiut,GL,66.94,-53.67,45.21,69,12,2.48
233,2264923,Peniche,PT,39.36,-9.38,70.74,88,40,4.7
234,5922281,Chute-aux-Outardes,CA,49.12,-68.38,74.84,68,1,18.34
235,1254046,Tura,IN,25.52,90.21,78.6,94,88,2.26
236,4073383,Livingston,US,32.58,-88.19,92.41,46,40,10.29
237,3603330,Amapa,HN,15.09,-87.97,89.6,59,75,8.05
238,2014078,Urusha,RU,54.05,122.9,58.44,97,92,5.39
239,1263776,Mangan,IN,27.5,88.54,46.65,98,56,1.25
240,104515,Mecca,SA,21.43,39.83,86.34,43,12,4.72
241,3833062,Venado Tuerto,AR,-33.75,-61.97,74.37,33,0,20.27
242,1701054,Marawi,PH,8.0,124.29,67.44,95,68,1.14
243,2512186,Puerto del Rosario,ES,28.5,-13.86,75.2,78,20,17.22
244,2517679,Fortuna,ES,38.18,-1.13,80.83,78,20,8.05
245,2358382,Leo,BF,11.1,-2.1,80.85,85,0,5.73
246,3443061,Chuy,UY,-33.69,-53.46,64.2,81,8,11.43
247,3665741,Yarumal,CO,6.96,-75.42,69.06,93,88,2.26
248,1650095,Banyumas,ID,-7.52,109.29,76.53,94,92,11.54
249,2160517,Launceston,AU,-41.43,147.14,32.0,91,40,4.7
250,3625929,Tucupita,VE,9.06,-62.05,84.81,88,44,5.61
251,2446796,Bilma,NE,18.69,12.92,93.27,25,8,3.94
252,4928354,Winfield,US,41.41,-87.28,90.84,53,20,17.22
253,1268008,Kanniyakumari,IN,8.08,77.57,77.61,97,24,23.17
254,592225,Haapsalu,EE,58.95,23.55,62.4,93,32,7.96
255,1715015,Dicabisagan,PH,17.08,122.42,77.97,100,56,9.98
256,2136150,Luganville,VU,-15.51,167.18,74.19,100,76,6.51
257,4501427,Port Elizabeth,US,39.31,-74.98,88.07,57,20,6.93
258,1314759,Lashio,MM,22.93,97.75,69.24,96,24,1.92
259,2267254,Lagoa,PT,37.14,-8.45,78.8,78,0,9.17
260,3359638,Walvis Bay,NA,-22.95,14.51,61.41,90,0,23.17
261,3421193,Paamiut,GL,61.99,-49.67,42.24,100,32,17.92
262,53654,Mogadishu,SO,2.04,45.34,77.34,98,64,20.04
263,1252783,Yarada,IN,17.65,83.27,83.91,99,64,21.61
264,114259,Sirjan,IR,29.44,55.67,68.16,12,0,10.98
265,2980080,Saint-Francois,FR,46.42,3.91,71.6,64,75,5.82
266,2013279,Vostok,RU,46.45,135.83,56.1,93,88,2.26
267,2126123,Chokurdakh,RU,70.62,147.9,40.62,84,36,2.71
268,2122574,Ola,RU,59.58,151.3,33.8,86,0,6.06
269,2428231,Massaguet,TD,12.48,15.44,82.4,74,0,4.7
270,255498,Perivolion,GR,39.42,20.01,71.6,88,40,14.23
271,6145890,Shelburne,CA,44.08,-80.2,77.41,78,75,10.29
272,5329649,Blythe,US,33.61,-114.59,95.0,24,1,12.75
273,95788,Hit,IQ,33.64,42.83,88.77,22,0,7.07
274,2630299,Hofn,IS,64.25,-15.21,46.4,87,90,14.99
275,779350,Karasjok,NO,69.47,25.52,48.2,81,0,16.11
276,3681222,Guican,CO,6.46,-72.41,57.54,75,92,0.58
277,253666,Skhisma,GR,35.27,25.72,78.8,83,20,8.05
278,3451399,Ribas do Rio Pardo,BR,-20.45,-53.76,80.49,45,12,10.54
279,2021188,Kurumkan,RU,54.33,110.32,41.79,85,0,1.7
280,4012593,Creel,MX,27.75,-107.63,75.09,62,0,2.15
281,2122104,Petropavlovsk-Kamchatskiy,RU,53.05,158.65,53.6,93,75,4.47
282,3894426,Coihaique,CL,-45.58,-72.07,49.93,50,75,9.17
283,1106643,Quatre Cocos,MU,-20.21,57.76,71.6,68,40,12.75
284,3662489,Santa Isabel do Rio Negro,BR,-0.41,-65.02,81.75,88,48,2.37
285,5038108,Moorhead,US,46.87,-96.75,59.88,72,1,10.29
286,1131462,Uruzgan,AF,32.93,66.63,43.59,69,0,1.7
287,1692193,San Juan,PH,14.6,121.03,80.6,100,75,3.36
288,6255012,Flinders,AU,-34.58,150.85,42.8,60,0,8.05
289,4334720,Natchitoches,US,31.76,-93.09,90.09,49,1,3.36
290,4036284,Alofi,NU,-19.06,-169.92,66.2,88,8,2.24
291,5746545,Portland,US,45.52,-122.67,67.46,67,90,4.7
292,4734350,Stephenville,US,32.22,-98.2,95.04,34,1,10.29
293,142255,Bafq,IR,31.6,55.4,72.12,23,0,4.94
294,2027296,Aykhal,RU,65.95,111.51,54.48,74,64,2.59
295,2447513,Arlit,NE,18.74,7.39,93.9,34,44,3.71
296,3372707,Ribeira Grande,PT,38.52,-28.7,77.0,65,20,9.17
297,146639,Lasa,CY,34.92,32.53,80.6,78,75,11.41
298,1785566,Yuzhou,CN,34.16,113.47,71.6,88,0,2.24
299,1540711,Muravlenko,RU,63.79,74.5,54.3,83,48,9.53
300,229292,Mayuge,UG,0.46,33.48,64.56,98,92,3.04
301,1529484,Hami,CN,42.84,93.51,78.15,29,100,9.08
302,2396518,Port-Gentil,GA,-0.72,8.78,78.8,88,75,9.17
303,2641434,Northam,GB,51.04,-4.21,60.8,67,90,9.17
304,2270385,Camacha,PT,33.08,-16.33,72.61,73,40,11.41
305,3652462,San Cristobal,EC,-0.39,-78.55,64.4,52,75,19.46
306,2156643,Mount Gambier,AU,-37.83,140.78,32.07,78,0,2.71
307,1337619,Ugoofaaru,MV,5.67,73.0,84.72,93,20,11.65
308,5861897,Fairbanks,US,64.84,-147.72,52.95,90,90,9.17
309,3401148,Cururupu,BR,-1.82,-44.87,88.86,57,36,12.1
310,2109528,Buala,SB,-8.15,159.59,78.96,98,56,5.61
311,3141548,Rognan,NO,67.1,15.4,50.0,71,0,9.17
312,1281256,Gamba,CN,28.28,88.52,36.75,100,100,2.82
313,3450288,Santa Cruz Cabralia,BR,-16.28,-39.02,77.34,85,76,10.09
314,3838859,Rio Gallegos,AR,-51.62,-69.22,55.4,32,75,20.8
315,286245,Sur,OM,22.57,59.53,85.17,90,32,4.16
316,1790885,Changji,CN,32.07,116.17,80.04,94,88,5.61
317,2995603,Saint-Pierre,FR,48.95,4.24,64.58,72,75,6.93
318,3685702,Cravo Norte,CO,6.3,-70.2,77.25,100,68,3.04
319,1259385,Port Blair,IN,11.67,92.75,82.47,97,92,23.29
320,2181997,Takaka,NZ,-40.86,172.81,41.97,100,64,4.61
321,3646382,Carupano,VE,10.67,-63.26,83.1,81,24,9.08
322,2023584,Imeni Poliny Osipenko,RU,52.42,136.49,59.34,88,92,4.94
323,3665199,Ariquemes,BR,-9.91,-63.03,89.94,38,12,2.93
324,2318123,Yenagoa,NG,4.92,6.26,75.9,82,76,6.96
325,1626542,Sorong,ID,-0.86,131.25,80.76,100,92,8.97
326,5942798,Drumheller,CA,51.47,-112.7,45.84,95,92,15.68
327,4372777,Vardo,US,39.62,-77.74,89.76,59,75,3.36
328,5367788,Lompoc,US,34.64,-120.46,66.06,67,40,12.75
329,5847411,Kahului,US,20.89,-156.47,79.74,67,40,18.34
330,1257528,Samdari,IN,25.81,72.58,86.07,58,24,10.42
331,3430443,Necochea,AR,-38.55,-58.74,72.57,43,12,13.67
332,3382160,Cayenne,GF,4.94,-52.33,87.8,66,0,8.05
333,3026644,Souillac,FR,45.6,-0.6,74.21,73,20,4.7
334,3608828,Iralaya,HN,15.0,-83.23,87.8,70,75,8.05
335,1263751,Mangrol,IN,25.33,76.51,74.01,99,92,2.59
336,49747,Xuddur,SO,4.12,43.89,82.56,44,92,13.67
337,110690,Faya,SA,18.39,42.45,73.4,78,40,2.71
338,2014694,Tyrma,RU,50.04,132.17,58.62,93,68,2.37
339,5887916,Athabasca,CA,54.72,-113.29,52.14,95,8,6.73
340,2647428,Harrogate,GB,53.99,-1.54,61.18,77,36,9.17
341,2121025,Srednekolymsk,RU,67.46,153.71,40.62,80,92,4.38
342,1578500,Kon Tum,VN,14.36,108.0,68.7,97,92,3.15
343,1267390,Kavaratti,IN,10.57,72.64,75.54,100,88,1.59
344,2278158,Buchanan,LR,5.88,-10.05,78.8,88,40,4.7
345,204283,Watsa,CD,3.04,29.53,69.96,92,20,3.94
346,2170581,Coolum Beach,AU,-26.53,153.09,59.16,100,12,6.17
347,1511846,Oktyabrskoye,RU,56.73,85.44,56.37,100,80,5.39
348,3393838,Nova Olinda do Norte,BR,-3.89,-59.1,79.77,96,44,1.14
349,2644210,Liverpool,GB,53.41,-2.98,61.3,77,75,11.41
350,3441665,Minas,UY,-34.38,-55.24,69.8,37,0,10.29
351,2167426,Emerald,AU,-23.53,148.16,47.55,86,0,5.95
352,1526041,Atasu,KZ,48.68,71.64,51.78,89,48,3.6
353,2966778,Ballina,IE,54.11,-9.15,53.6,81,75,8.05
354,253643,Skiathos,GR,39.16,23.49,71.35,73,20,6.51
355,1784874,Houma,CN,35.63,111.36,67.35,84,0,3.6
356,6156102,Steinbach,CA,49.53,-96.69,60.8,59,75,18.34
357,2146219,Hervey Bay,AU,-25.3,152.85,63.39,100,36,9.31
358,1259395,Porbandar,IN,21.64,69.61,78.78,90,92,10.2
359,5811696,Spokane,US,47.66,-117.42,60.8,67,75,9.17
360,3871336,Santiago,CL,-33.44,-70.65,61.68,48,20,5.82
361,3437056,San Lorenzo,PY,-25.34,-57.51,77.0,20,0,5.82
362,6095416,Outlook,CA,51.48,-107.04,55.02,99,92,7.85
363,1682474,Ternate,PH,14.29,120.72,80.6,100,75,3.36
364,6173864,Vernon,CA,50.27,-119.27,64.4,52,1,6.93
365,3910291,Mizque,BO,-17.94,-65.34,66.0,61,0,3.27
366,1263826,Mandvi,IN,21.25,73.3,76.17,98,100,9.98
367,2374583,Bubaque,GW,11.28,-15.83,80.6,78,75,4.7
368,4421935,Clarksdale,US,34.2,-90.57,90.41,55,75,10.29
369,3947322,Junin,PE,-16.45,-71.58,69.8,14,0,11.41
370,1651810,Airai,TL,-8.93,125.41,64.29,89,8,1.81
371,2190224,Hastings,NZ,-39.64,176.84,43.14,100,0,7.29
372,3671519,Puerto Carreno,CO,6.19,-67.49,84.2,66,40,9.17
373,2160735,Lakes Entrance,AU,-37.88,147.99,46.47,87,88,8.97
374,2508813,Adrar,DZ,27.87,-0.29,107.6,11,0,12.75
375,88533,Awjilah,LY,29.14,21.3,93.0,22,0,13.11
376,3466980,Caravelas,BR,-17.73,-39.27,75.72,100,68,12.33
377,2034440,Tieli,CN,46.98,128.05,55.74,91,0,2.48
378,3681644,Guaitarilla,CO,1.13,-77.55,60.31,93,90,9.17
379,3893629,Coquimbo,CL,-29.95,-71.34,57.2,71,90,4.7
380,2037799,Datong,CN,40.09,113.3,59.25,98,64,1.81
381,5368361,Olga,US,34.11,-118.17,75.54,65,1,8.05
382,541631,Krasnyy Luch,RU,55.97,38.97,67.62,50,0,4.61
383,1636308,Manokwari,ID,-0.87,134.08,80.67,100,44,3.49
384,5113760,Corning,US,42.14,-77.05,83.5,59,1,4.61
385,3946820,Barranca,PE,-10.75,-77.76,60.6,100,8,3.6
386,588365,Vao,EE,59.1,26.19,55.56,88,0,2.59
387,3428576,San Pedro,AR,-33.68,-59.66,73.02,37,0,15.68
388,1611578,Bo Rai,TH,12.57,102.54,73.11,98,92,3.71
389,5850554,Makakilo City,US,21.35,-158.09,80.02,76,75,5.82
390,4732862,Nome,US,30.04,-94.42,85.77,63,40,5.82
391,3141667,Roald,NO,62.58,6.12,52.43,87,75,8.05
392,3522459,Ocotitlan,MX,19.23,-99.62,71.69,55,75,6.93
393,5882953,Aklavik,CA,68.22,-135.01,42.8,93,90,10.29
394,2123836,Lazarev,RU,52.23,141.51,58.17,100,80,3.83
395,98182,Baghdad,IQ,33.3,44.38,91.4,26,0,6.93
396,3523466,Matamoros,US,25.87,-97.51,96.49,49,75,18.34
397,1688687,San Quintin,PH,17.54,120.52,78.8,88,90,2.24
398,2646658,Honiton,GB,50.8,-3.19,60.33,67,90,9.17
399,1244713,Haputale,LK,6.77,80.96,74.55,76,32,6.4
400,2123814,Leningradskiy,RU,69.38,178.42,35.4,100,88,9.98
401,2020738,Litovko,RU,49.24,135.18,53.22,90,12,2.26
402,3571913,Marsh Harbour,BS,26.54,-77.06,84.54,99,32,12.21
403,3466165,Cidreira,BR,-30.17,-50.22,62.94,70,0,8.41
404,1011632,De Aar,ZA,-30.65,24.01,38.82,48,0,6.73
405,1272022,Pala,IN,9.71,76.68,72.84,91,92,2.82
406,3832899,Viedma,AR,-40.81,-62.99,70.95,34,44,10.65
407,5972291,Havre-Saint-Pierre,CA,50.23,-63.6,62.6,93,90,6.93
408,1689597,San Joaquin,PH,10.59,122.14,73.74,95,0,2.37
409,3650956,Sucua,EC,-2.46,-78.17,67.35,93,88,6.85
410,2181625,Te Anau,NZ,-45.41,167.72,41.07,90,92,3.38
411,2126682,Bilibino,RU,68.06,166.44,25.14,88,0,2.15
412,1714733,Dingle,PH,11.0,122.67,73.74,95,0,2.37
413,187968,Malindi,KE,-3.22,40.12,75.99,84,0,12.21
414,1851390,Susaki,JP,33.42,133.28,70.05,92,48,1.36
415,337771,Fiche,ET,9.77,38.74,49.35,93,24,2.59
416,3531865,Cadereyta,MX,25.58,-99.98,92.26,34,5,16.11
417,1513990,Gazli,UZ,40.13,63.45,72.03,26,0,10.76
418,1250161,Batticaloa,LK,7.71,81.69,78.06,100,36,6.4
419,2191562,Dunedin,NZ,-45.87,170.5,41.52,100,92,8.75
420,866062,Iskateley,RU,67.68,53.15,65.55,59,48,16.24
421,1494482,Polunochnoye,RU,60.87,60.43,47.01,83,0,3.15
422,4004293,Ixtapa,MX,20.71,-105.21,87.8,58,75,9.17
423,4500920,Brigantine,US,39.41,-74.36,87.89,57,75,5.73
424,3948642,Matara,PE,-13.74,-72.9,57.2,47,40,2.59
425,3589355,Santa Eulalia,GT,15.73,-91.46,68.88,76,64,1.7
426,1273294,Dwarka,IN,28.58,77.04,82.4,94,75,2.24
427,6089245,Norman Wells,CA,65.28,-126.83,50.0,87,75,6.93
428,1651103,Atambua,ID,-9.11,124.89,75.45,100,36,6.17
429,2065594,Mount Isa,AU,-20.73,139.49,57.2,20,0,5.82
430,153247,Monduli,TZ,-3.3,36.45,69.1,56,40,6.93
431,1786640,Yingcheng,CN,30.93,113.57,78.8,88,0,4.47
432,2158744,Margate,AU,-43.03,147.26,39.2,86,75,9.17
433,2172880,Byron Bay,AU,-28.65,153.62,57.2,76,75,8.05
434,2527089,Tiznit,MA,29.7,-9.73,75.81,81,0,4.72
435,2960970,Westport,IE,53.8,-9.52,53.6,81,75,8.05
436,3450206,Santa Helena de Goias,BR,-17.81,-50.6,89.13,42,8,8.41
437,172515,Abu Samrah,SY,35.3,37.18,78.69,51,0,13.67
438,3702577,Portobelo,PA,9.55,-79.65,85.1,74,40,14.99
439,1505965,Igrim,RU,63.19,64.42,48.0,86,0,2.59
440,1213855,Sibolga,ID,1.74,98.78,68.79,94,48,1.25
441,934482,Grand Baie,MU,-20.02,57.58,71.6,68,40,12.75
442,3839307,Rawson,AR,-43.3,-65.11,67.8,34,64,16.46
443,5427957,Lamar,US,38.09,-102.62,96.98,15,1,16.11
444,1488950,Turan,RU,52.15,93.92,56.64,76,76,2.82
445,1800519,Mingguang,CN,32.78,118.01,81.57,83,0,9.75
446,2420985,Forecariah,GN,9.43,-13.09,78.8,94,75,16.11
447,2377457,Nouadhibou,MR,20.93,-17.03,73.4,73,0,19.46
448,3421719,Narsaq,GL,60.91,-46.05,51.8,57,20,16.11
449,2399870,Lastoursville,GA,-0.81,12.73,80.22,78,64,3.15
450,2367164,Dapaong,TG,10.86,0.2,79.5,90,36,3.15
451,5855051,Ewa Beach,US,21.32,-158.01,80.02,76,75,5.82
452,3381538,Grand-Santi,GF,4.27,-54.38,90.66,56,20,2.82
453,2141305,Fayaoue,NC,-20.65,166.53,70.32,100,92,19.82
454,4440397,Pascagoula,US,30.37,-88.56,87.75,59,90,12.75
455,1280037,Shache,CN,38.42,77.24,62.04,86,76,3.6
456,3649408,Altagracia de Orituco,VE,9.86,-66.38,88.32,61,36,8.41
457,3374210,Sao Filipe,CV,14.9,-24.5,79.5,94,24,14.0
458,5671996,Polson,US,47.69,-114.16,45.66,97,92,3.6
459,3668605,Santa Marta,CO,11.24,-74.21,84.2,74,75,9.17
460,5386754,Redlands,US,34.06,-117.19,76.46,47,40,5.82
461,3939761,Hualmay,PE,-11.1,-77.61,69.15,65,0,4.27
462,2013727,Vanavara,RU,60.35,102.28,57.54,95,0,5.39
463,107304,Buraydah,SA,26.33,43.97,96.8,22,0,6.93
464,2440371,Ouallam,NE,14.32,2.08,84.45,62,0,8.52
465,287832,Ibra,OM,22.69,58.55,80.49,53,24,2.15
466,4015683,Canatlan,MX,24.52,-104.78,77.0,44,75,4.7
467,2035610,Nehe,CN,48.48,124.88,59.97,93,44,4.05
468,2654728,Bridlington,GB,54.08,-0.19,61.41,77,64,8.05
469,5975038,High River,CA,50.58,-113.86,45.46,61,75,24.16
470,3686907,Cerrito,CO,6.84,-72.7,80.6,65,20,11.41
471,1511057,Bakchar,RU,57.02,82.07,59.79,75,88,5.39
472,3119694,la Garriga,ES,41.68,2.29,76.98,78,0,4.7
473,4696310,Harper,US,30.3,-99.24,92.59,32,1,13.87
474,5052916,Willmar,US,45.12,-95.04,71.64,78,1,9.17
475,2032614,Baruun-Urt,MN,46.68,113.28,57.18,93,92,3.6
476,1264976,Leh,IN,34.16,77.58,25.32,82,0,0.36
477,4456703,Boone,US,36.22,-81.67,86.18,56,90,9.17
478,2027042,Batagay-Alyta,RU,67.8,130.41,34.95,81,0,2.48
479,5859699,College,US,64.86,-147.8,52.95,90,90,9.17
480,3971596,Ures,MX,30.73,-112.95,97.95,34,0,8.63
481,1716788,Cortes,PH,9.28,126.19,71.4,100,8,2.71
482,1640902,Kawalu,ID,-7.38,108.21,64.74,100,76,2.04
483,3664716,Canutama,BR,-6.53,-64.38,87.24,56,48,3.71
484,1272864,Dharchula,IN,29.85,80.53,55.83,100,64,0.13
485,3412093,Vestmannaeyjar,IS,63.44,-20.27,46.4,100,75,9.17
486,3517970,Pochutla,MX,15.74,-96.47,83.08,57,75,3.36
487,2127202,Anadyr,RU,64.73,177.51,44.6,81,75,4.47
488,7303783,Sydney Mines,CA,46.24,-60.22,69.8,64,75,10.29
489,5173048,Steubenville,US,40.37,-80.63,86.54,60,1,11.41
490,213940,Kasongo,CD,-4.43,26.67,74.37,80,44,2.59
491,1214488,Meulaboh,ID,4.14,96.13,78.87,100,24,3.83
492,2514651,Los Llanos de Aridane,ES,28.66,-17.92,75.2,69,20,10.29
493,991664,Kathu,ZA,-27.7,23.05,44.85,29,0,8.75
494,6144195,Senneterre,CA,48.39,-77.24,69.8,83,90,12.75
495,4574989,Clemson,US,34.69,-82.84,88.32,46,40,3.6
496,2654970,Brae,GB,60.4,-1.35,53.6,71,0,8.05
497,2192362,Christchurch,NZ,-43.53,172.64,42.8,75,0,5.82
498,580676,Asekeyevo,RU,53.57,52.8,57.18,85,0,5.95
499,3516685,Seybaplaya,MX,19.65,-90.67,87.8,66,40,11.41
500,6071421,Meadow Lake,CA,54.13,-108.44,48.2,87,90,12.75
501,2126710,Beringovskiy,RU,63.05,179.32,46.74,100,64,3.94
502,1512019,Aksarka,RU,66.56,67.8,48.09,79,0,7.18
503,1697787,Bantacan,PH,7.62,126.13,69.96,97,44,2.37
504,1730622,Anito,PH,12.45,125.29,81.12,100,0,7.18
505,2139259,Ouegoa,NC,-20.34,164.44,68.34,100,92,3.38
506,6162949,Terrace,CA,54.52,-128.61,59.0,77,75,1.59
507,1488903,Turukhansk,RU,65.8,87.96,52.77,91,0,8.41
508,1179305,Fatehpur,PK,31.18,71.21,87.87,65,8,4.61
509,3530097,Tres Picos,MX,16.23,-93.58,84.2,58,40,5.82
510,2034400,Tongliao,CN,43.61,122.27,64.47,86,68,2.93
511,779622,Havoysund,NO,71.0,24.66,49.98,71,75,19.46
512,5572400,Susanville,US,40.42,-120.65,77.0,23,1,5.82
513,1622318,Waingapu,ID,-9.65,120.26,66.0,98,12,3.15
514,1787599,Xingyi,CN,24.19,102.82,63.3,93,88,1.48
515,2259655,Impfondo,CD,1.62,18.06,73.47,94,20,2.15
516,2337639,Ilorin,NG,8.5,4.55,82.4,69,75,5.82
517,135298,Esfarayen,IR,37.08,57.51,68.0,34,0,2.24
518,463568,Zhadovka,RU,53.57,46.95,59.7,79,0,3.49
519,5688789,Dickinson,US,46.88,-102.79,53.96,74,90,12.75
520,1513038,Zafarabad,UZ,40.39,67.82,57.72,73,0,2.59
521,5970234,Hanna,CA,51.64,-111.93,45.48,100,92,16.58
522,1634614,Nabire,ID,-3.36,135.5,66.54,97,92,2.26
523,1957309,Panubigan,PH,7.13,122.25,78.8,88,75,4.72
524,2249901,Gat,SN,14.69,-16.54,80.6,83,90,2.24
525,2450173,Taoudenni,ML,22.68,-3.98,104.88,10,0,6.73
526,5954718,Flin Flon,CA,54.77,-101.88,46.4,87,90,5.82
527,2038665,Alihe,CN,50.57,123.73,57.27,95,76,2.48
528,3452711,Porto Nacional,BR,-10.7,-48.41,97.5,31,20,9.64
529,1510916,Barabinsk,RU,55.35,78.35,57.36,88,56,7.07
530,337152,Gebre Guracha,ET,9.8,38.4,53.58,93,20,1.92
531,6322184,Porto Novo,BR,-23.68,-45.44,64.4,72,75,16.11
532,3653307,Pedernales,EC,0.07,-80.05,84.45,77,20,5.84
533,1850152,Tokuyama,JP,34.05,131.82,82.04,79,75,1.92
534,1056899,Sambava,MG,-14.27,50.17,73.74,100,36,16.35
535,535839,Leshukonskoye,RU,64.9,45.76,60.15,100,92,5.39
536,5924351,Clyde River,CA,70.47,-68.59,42.8,75,75,17.22
537,3664980,Boa Vista,BR,2.82,-60.67,78.15,100,88,7.18
538,587450,Juba,EE,57.82,26.93,60.8,77,44,2.24
539,2803461,Marienburg,DE,52.12,9.98,63.36,72,0,9.17
540,72181,Marzuq,YE,14.4,46.47,83.01,26,80,2.82
541,3186952,Zadar,HR,44.12,15.24,68.0,64,0,3.36
542,4857507,Fort Madison,US,40.63,-91.32,89.69,62,1,12.75
543,4013724,Camargo,MX,27.69,-105.17,91.29,24,0,4.72
544,3416888,Grindavik,IS,63.84,-22.43,46.49,93,75,8.05
545,3455168,Paracatu,BR,-17.22,-46.87,85.8,44,0,11.1
546,2059470,Victor Harbor,AU,-35.55,138.62,48.2,45,0,8.05
547,1859393,Futtsu,JP,35.23,139.9,76.82,88,75,11.41
548,1267776,Kargil,PK,34.56,76.13,30.27,81,8,1.03
549,637293,Savonlinna,FI,61.87,28.88,57.2,82,0,2.24
550,226600,Ndago,UG,-0.97,29.98,60.69,100,92,1.14
551,3437029,San Patricio,PY,-26.98,-56.83,70.95,46,0,4.38
552,704422,Pokrovsk,UA,48.28,37.18,73.83,32,0,8.19
553,2347470,Miri,NG,10.31,9.75,73.2,91,32,2.71
554,2078025,Peterhead,AU,-34.83,138.5,48.2,45,0,8.05
555,474470,Verkhnyaya Toyma,RU,62.24,45.0,67.8,56,36,7.07
556,159380,Igurusi,TZ,-8.83,33.85,55.83,63,0,3.94
557,4033557,Tautira,PF,-17.73,-149.15,80.6,69,20,4.7
558,2660707,Frutigen,CH,46.59,7.64,69.04,93,75,1.59
559,778707,Mehamn,NO,71.03,27.85,50.63,71,75,19.46
560,3939168,Huarmey,PE,-10.07,-78.15,71.22,60,12,3.94
561,2633274,Akureyri,IS,65.68,-18.09,53.6,62,20,9.17
562,2017632,Priiskovyy,RU,51.93,116.63,58.17,88,88,5.17
563,1216187,Kitab,UZ,39.12,66.88,69.8,37,0,6.93
564,2021017,Kysyl-Syr,RU,63.9,122.77,46.47,90,8,2.59
565,2862698,Niederzier,DE,50.88,6.47,64.4,63,75,9.17
566,4944903,Nantucket,US,41.28,-70.1,84.45,74,1,10.29
567,5404476,Ukiah,US,39.15,-123.21,68.0,54,1,5.82
568,4011743,Valentin Gomez Farias,MX,24.05,-104.7,77.0,44,75,4.7
569,256592,Nea Peramos,GR,38.0,23.42,77.0,65,40,13.87
570,6620339,Karratha,AU,-20.74,116.85,54.3,45,0,5.73
571,2509491,Villarrobledo,ES,39.27,-2.6,87.06,35,8,11.77
572,4267710,Sitka,US,37.17,-99.65,97.32,34,0,19.04
573,1736660,Kota Belud,MY,6.35,116.43,78.8,65,75,5.82
574,1215502,Banda Aceh,ID,5.56,95.32,76.8,90,36,4.72
575,2455558,Kati,ML,12.75,-8.07,80.6,78,20,3.36
576,1045114,Inhambane,MZ,-23.87,35.38,68.0,88,75,5.82
577,610091,Chingirlau,KZ,51.09,54.08,64.29,57,0,8.75
578,477940,Ust-Tsilma,RU,65.44,52.15,65.64,63,0,7.18
579,934479,Grand Gaube,MU,-20.01,57.66,71.6,68,40,12.75
580,550902,Kez,RU,57.9,53.72,53.04,88,64,3.15
581,2618795,Klaksvik,FO,62.23,-6.59,48.2,87,32,4.7
582,2891834,Kelheim,DE,48.92,11.87,69.15,72,75,3.36
583,2294915,Takoradi,GH,4.89,-1.75,76.8,97,0,5.17
584,3547867,Manzanillo,CU,20.34,-77.12,87.06,99,32,15.23
585,3200930,Letka,BA,43.74,17.27,73.4,53,20,6.93
586,2336237,Jega,NG,12.22,4.38,81.3,77,32,7.63
587,2147714,Sydney,AU,-33.85,151.22,48.2,61,0,11.41
588,240210,Birao,CF,10.3,22.78,71.67,100,68,2.48
589,2152659,Port Macquarie,AU,-31.43,152.91,51.8,66,90,5.82
590,6539761,Rome,IT,41.89,12.48,74.44,47,0,11.41
591,1863521,Gotsu,JP,35.01,132.22,77.7,88,88,7.18
592,655563,Joutseno,FI,61.11,28.48,57.2,87,0,3.36
